file_path,layer,primary_responsibility,secondary_responsibilities,inputs_owned,outputs_owned,rules_owned,rules_referenced_elsewhere,scripts_called_or_referenced,contracts_called_or_referenced,route_status,line_count,owner_confidence
SKILL.md,skill,"Trigger, route table, permission boundary, parent-first entry point",,,,forbidden_writes boundary; human approval rules; export-only-via-pptflow; retrospective-no-auto-writeback,,scripts/orchestrate/ppt_parent.py; scripts/pptflow.py; scripts/review_server.py,,active,162,high
README.md,doc,Architecture documentation and quick start,,,,,,,,active,115,high
references/workflow/00_parent_orchestrator.md,workflow,"Parent agent: state management, task distribution, gate coordination, review/export orchestration",,ppt_parent.py status/next --json,task dispatch to child agents,batch discipline; gate enforcement; human checkpoint rules; file permission boundaries,,scripts/orchestrate/ppt_parent.py; scripts/pipeline_gate.py; scripts/review_server.py; scripts/pptflow.py,agent_task_contract.md; agent_result_contract.md,active,288,high
references/workflow/01_template_intake.md,workflow,Template intake: PPTX analysis → template_profile.json,,PPTX file,template_profile.json; template_assets/,template extraction scope; confidence marking; reference_only usage policy,,scripts/template/analyze_pptx_template.py; scripts/validate_contracts.py template,template_profile_contract.md,active,189,high
references/workflow/02_content_worker.md,workflow,Content worker: source markdown → page_content.json,,source Markdown,page_content.json; agent_result.json,copy policy (allowed/forbidden); page_key format; body_blocks structure,,scripts/orchestrate/make_agent_task.py,page_content_contract.md; agent_result_contract.md,active,145,high
references/workflow/03_layout_worker.md,workflow,Layout worker: page_content.json + layout_taxonomy.md → layout_plan.json,,page_content.json; layout_taxonomy.md,layout_plan.json; layout_capacity_report.json,page_mode selection; visual_density assignment; wireframe design; copy_handling rules; anti_laziness_check,,scripts/estimate_layout_capacity.py; scripts/generate_layout_html.py; scripts/review_server.py,layout_plan_contract.md; layout_taxonomy.md,active,276,high
references/workflow/04_svg_worker.md,workflow,SVG worker: per-page content/layout + style/svg rules → page_XX.svg,,trimmed per-page content/layout JSON; style_system.md; svg_rules.md,page_XX.svg; agent_result.json,SVG canvas 1920x1080; no foreignObject; text fill/font-family required; metadata comment; repair loop max 2,,scripts/orchestrate/make_agent_task.py,worker_svg_contract.md; style_system.md; svg_rules.md,active,148,high
references/workflow/05_integrated_review_worker.md,workflow,Integrated review: validator + PNG → integrated_review.json,,validation_summary.json; PNG previews,integrated_review.json,decision: pass/revise/blocked; must_fix vs optional_fix; vision_available handling,,scripts/validate_svg_layout.py; scripts/render_svg_png.py,integrated_review_contract.md; revision_notes_contract.md,active,112,high
references/workflow/06_repair_loop.md,workflow,Repair loop: fix SVG issues within max 2 rounds,,validation_summary.json; integrated_review.json,revision_notes.json; fixed SVGs,max 2 auto-repair rounds; escalation conditions; copy_deletion/layout_change/page_split → escalate,,,repair_loop_contract.md,active,124,high
references/workflow/07_visual_review.md,workflow,Visual review: human checkpoint via review_server.py,,02_visual_review.html; PNG previews,feedback.json; batches/<batch_id>.json,hard human checkpoint; approval key required; provenance verification; batch discipline,,scripts/generate_review_html.py; scripts/review_server.py; scripts/pipeline_gate.py,,active,134,high
references/workflow/08_retrospective.md,workflow,Retrospective: analyze run → candidate defaults,,flow events; feedback files; validation summaries,run_summary.json; default_suggestions.md; memory_candidates.json,requires_user_confirmation; no auto-writeback,,scripts/retrospective/analyze_run.py,retrospective_contract.md,active,30,high
references/contracts/agent_task_contract.md,contract,"agent_task.json schema: task_id, step, input_files, output_files, constraints, forbidden_writes",,,agent_task.json,task_id format; step enum; input_files completeness; forbidden_writes list,,scripts/orchestrate/make_agent_task.py; scripts/orchestrate/validate_agent_result.py,,active,58,high
references/contracts/agent_result_contract.md,contract,"agent_result.json schema: task_id, status, output_files (with SHA256), input_hashes (required)",,,agent_result.json,input_hashes required; output_files SHA256; status: completed/partial/failed; completed_at ISO 8601,,scripts/orchestrate/collect_agent_results.py; scripts/orchestrate/validate_agent_result.py,,active,72,high
references/contracts/worker_svg_contract.md,contract,"page_XX.svg technical contract: canvas, forbidden elements, text rules, metadata requirements",,,page_XX.svg,viewBox 1920x1080; no foreignObject; explicit fill/font-family; metadata comment,,scripts/validate_svg_layout.py,,active,65,high
references/contracts/template_profile_contract.md,contract,"template_profile.json schema: slide_size, colors, fonts, layouts, confidence, usage_policy",,,template_profile.json,source_file; confidence: parsed/inferred; usage_policy.mode: reference_only,,scripts/template/analyze_pptx_template.py; scripts/validate_contracts.py template,,active,40,high
references/contracts/repair_loop_contract.md,contract,"Repair loop tracking: repair_round, max_rounds, fixes_applied, issues_remaining, should_escalate",,,repair tracking in agent_result.json,max_rounds=2; escalation triggers; fix_type enum,,,,active,40,high
references/contracts/retrospective_contract.md,contract,"Retrospective output schema: run_summary, default_suggestions, memory_candidates",,,run_summary.json; default_suggestions.md; memory_candidates.json,requires_user_confirmation: true; safe_to_apply_automatically: [],,scripts/retrospective/analyze_run.py,,active,72,high
references/domain/style_system.md,domain,"Visual design system: colors, fonts, spacing, component language, page modes",,,,title anchor device; font-size ranges; color tokens; card discipline; emotional page limits,,,,active,360,high
references/domain/svg_rules.md,domain,"SVG technical rules: canvas, forbidden elements, text safety, validator handling",,,,"canvas 1920x1080; forbidden: foreignObject, filter, use, style, marker, mask, animate; text fill/font-family required; font-size minimums; validator issue handling",,scripts/validate_svg_layout.py,,active,371,high
references/domain/layout_taxonomy.md,domain,"Layout thinking: page modes, 6 PLAN questions, layout families L01-L15+L00, anti-laziness rules",,,,persuasion actions; content relations; layout family index; anti-laziness check; failure fallback rules,,,,active,413,high
references/domain/quality_checklist.md,domain,Quality checklist for validation worker input,,,,quality pre-flight checks,,scripts/orchestrate/make_agent_task.py,,active,101,high
references/contracts/integrated_review_contract.md,contract,integrated_review.json schema,,,,decision: pass/revise/blocked; must_fix vs should_fix,,,references/workflow/05_integrated_review_worker.md,active,52,high
references/contracts/page_manifest_contract.md,contract,page_manifest.json schema,,,,page_key; batch_config; status fields,,scripts/orchestrate/make_agent_task.py,,active,59,high
references/contracts/revision_notes_contract.md,contract,revision_notes.json schema,,,,repair_round; fixes_applied; remaining_concerns,,scripts/orchestrate/make_agent_task.py; references/workflow/05_integrated_review_worker.md,,active,48,high
references/contracts/self_review_contract.md,contract,self_review.json schema,,,,vision_available; png_reviewed; visual_status,,scripts/orchestrate/make_agent_task.py,,active,53,high
scripts/orchestrate/ppt_parent.py,script_orchestrate,"Parent orchestrator: state derivation, status/next/preflight, delegation to task/collect scripts",,,flow_state.json (via derive); status --json; next --json; preflight-layout-review --json,state machine (10 states); batch discipline enforcement,,scripts/orchestrate/make_agent_task.py; scripts/orchestrate/collect_agent_results.py; scripts/pipeline_gate.py; scripts/pptflow.py,all contracts referenced via make_agent_task.py,active,553,high
